time,msg.id,msg.len,data
1711074065816,3FF,8,11EBFC6500000000
1711074065300,3FF,8,11EBFC6500000000
1711074066000,3FF,8,12EBFC6500000000
1711074067000,3FF,8,13EBFC6500000000
1711074068000,3FF,8,14EBFC6500000000
1711074069000,3FF,8,15EBFC6500000000
1711074070000,3FF,8,16EBFC6500000000
1711074071000,3FF,8,17EBFC6500000000
1711074072000,4A,8,4A1A48491A4E1A4E
1711074072010,4B,8,1B1B1A481AFF1AFF
1711074072439,3FF,8,18EBFC6500000000
1711074073000,4A,8,491A48491A4E1A4E
1711074073010,4B,8,1B1B1A481AFF1AFF
1711074073701,3FF,8,19EBFC6500000000
1711074073737,4A,8,491A49491A4E1A4E
1711074073748,4B,8,1B1B1A481AFF1AFF
1711074074000,4A,8,4A1A49491A4E1A4E
1711074074010,4B,8,1B1B1A481AFF1AFF
1711074074226,3FF,8,1AEBFC6500000000
1711074075000,4A,8,491A49491B4E1A4E
1711074075010,4B,8,1B1B1A481AFF1AFF
1711074075488,3FF,8,1BEBFC6500000000
1711074076000,4A,8,491A49491A4E1A4E
1711074076010,4B,8,1B1B1A481AFF1AFF
1711074076738,4A,8,491A48491B4E1A4E
1711074076748,4B,8,1B1B1A481AFE1AFE
1711074076754,3FF,8,1CEBFC6500000000
1711074077000,4A,8,491A48491A4E1A4E
1711074077011,4B,8,1B1B1A481AFF1AFF
1711074077275,3FF,8,1DEBFC6500000000
1711074078000,4A,8,491A49491A4E1A4E
1711074078010,4B,8,1B1A1A481AFF1AFF
1711074078537,3FF,8,1EEBFC6500000000
1711074079000,4A,8,491A49491A4E1A4E
1711074079010,4B,8,1B1A1A481AFF1AFF
1711074079738,4A,8,4A1A48491A4E1A4E
1711074079748,4B,8,1B1B1A481AFF1AFF
1711074079799,3FF,8,1FEBFC6500000000
1711074080000,4A,8,4A1A48491B4E1A4E
1711074080010,4B,8,1B1B1A481AFF1AFF
1711074080323,3FF,8,20EBFC6500000000
1711074081000,4A,8,4A1A49491A4E1A4E
1711074081011,4B,8,1B1A1A481AFF1AFF
1711074081586,3FF,8,21EBFC6500000000
1711074081738,4A,8,491A49491B4E1A4E
1711074081748,4B,8,1B1B1A481AFF1AFF
1711074082000,4A,8,4A1A49491B4E1A4E
1711074082014,4B,8,1B1B1A481AFF1AFF
1711074082110,3FF,8,22EBFC6500000000
1711074083000,4A,8,4A1A49491B4E1A4E
1711074083010,4B,8,1B1A1A481AFF1AFF
1711074083372,3FF,8,23EBFC6500000000
1711074084000,4A,8,4A1A49491B4E1A4E
1711074084010,4B,8,1B1B1A481AFF1AFF
1711074084634,3FF,8,24EBFC6500000000
1711074084737,4A,8,4A1A49491A4E1A4E
1711074084748,4B,8,1B1A1A481AFF1AFF
1711074085000,4A,8,4A1A48491B4E1A4E
1711074085013,4B,8,1B1A1A481AFF1AFF
1711074085159,3FF,8,25EBFC6500000000
1711074086000,4A,8,4A1A48491B4E1A4E
1711074086010,4B,8,1B1B1A481AFF1AFF
1711074086421,3FF,8,26EBFC6500000000
1711074087000,4A,8,4A1A49491A4E1A4E
1711074087010,4B,8,1B1B1A481AFF1AFF
1711074087683,3FF,8,27EBFC6500000000
1711074087738,4A,8,4A1A49491A4E1A4E
1711074087748,4B,8,1B1B1A481AFE1AFE
1711074088000,4A,8,491A48491B4E1A4E
1711074088012,4B,8,1B1B1A481AFF1AFF
1711074088208,3FF,8,28EBFC6500000000
1711074089000,4A,8,491A48491B4E1A4E
1711074089010,4B,8,1B1B1A481AFF1AFF
1711074089470,3FF,8,29EBFC6500000000
1711074090000,4A,8,491A49491B4E1A4E
1711074090010,4B,8,1B1B1A481AFF1AFF
1711074090732,3FF,8,2AEBFC6500000000
1711074090738,4A,8,4A1A48491B4E1A4E
1711074090748,4B,8,1B1B1A481AFF1AFF
1711074091000,4A,8,491A49491A4E1A4E
1711074091013,4B,8,1B1B1A481AFF1AFF
1711074091256,3FF,8,2BEBFC6500000000
1711074092000,4A,8,4A1A49491B4E1A4E
1711074092011,4B,8,1B1A1A481AFF1AFF
1711074092519,3FF,8,2CEBFC6500000000
1711074093000,4A,8,4A1A49491A4E1A4E
1711074093010,4B,8,1B1B1A481AFF1AFF
1711074093738,4A,8,4A1A48491A4E1A4E
1711074093748,4B,8,1B1A1A481AFF1AFF
1711074093788,3FF,8,2DEBFC6500000000
1711074094000,4A,8,491A48491B4E1A4E
1711074094012,4B,8,1B1B1A481AFF1AFF
1711074094305,3FF,8,2EEBFC6500000000
1711074095000,4A,8,4A1A49491A4E1A4E
1711074095010,4B,8,1B1B1A481AFF1AFF
1711074095567,3FF,8,2FEBFC6500000000
1711074095737,4A,8,4A1A49491A4E1A4E
1711074096000,4B,8,1B1B1A481AFF1AFF
1711074096727,4A,8,4A1A48491A4E1A4E
1711074096737,4B,8,1B1B1A481AFF1AFF
1711074096819,3FF,8,30EBFC6500000000
1711074097000,4A,8,4A1A48491B4E1A4E
1711074097011,4B,8,1B1A1A481AFF1AFF
1711074097354,3FF,8,31EBFC6500000000
1711074098000,4A,8,4A1A49491B4E1A4E
1711074098010,4B,8,1B1A1A481AFF1AFF
1711074098616,3FF,8,32EBFC6500000000
1711074098738,4A,8,4A1A49491A4E1A4E
1711074098748,4B,8,1B1B1A481AFF1AFF
1711074099000,4A,8,4A1A48491A4E1A4E
1711074099010,4B,8,1B1B1A481AFF1AFF
1711074099141,3FF,8,33EBFC6500000000
1711074100000,4A,8,4A1A49491A4E1A4E
1711074100010,4B,8,1B1A1A481AFF1AFF
1711074100403,3FF,8,34EBFC6500000000
1711074101000,4A,8,4A1A49491B4E1A4E
1711074101010,4B,8,1B1B1A481AFF1AFF
1711074101665,3FF,8,35EBFC6500000000
1711074101738,4A,8,4A1A49491A4E1A4E
1711074101748,4B,8,1B1B1A481AFF1AFF
1711074102000,4A,8,4A1A49491B4E1A4E
1711074102010,4B,8,1B1B1A481AFF1AFF
1711074102189,3FF,8,36EBFC6500000000
1711074103000,4A,8,4A1A49491B4E1A4E
1711074103010,4B,8,1B1B1A481AFF1AFF
1711074103452,3FF,8,37EBFC6500000000
1711074104000,4A,8,4A1A49491B4E1A4E
1711074104010,4B,8,1B1B1A481AFF1AFF
1711074104714,3FF,8,38EBFC6500000000
1711074104738,4A,8,4A1A48491A4E1A4E
1711074104748,4B,8,1B1B1A481AFF1AFF
1711074105000,4A,8,4A1A49491B4E1A4E
1711074105010,4B,8,1B1B1A481AFF1AFF
1711074105238,3FF,8,39EBFC6500000000
1711074106000,4A,8,4A1A48491B4E1A4E
1711074106010,4B,8,1B1B1A481AFF1AFF
1711074106500,3FF,8,3AEBFC6500000000
1711074107000,4A,8,4A1A48491A4E1A4E
1711074107010,4B,8,1B1A1A481AFF1AFF
1711074107738,4A,8,4A1A49491A4E1A4E
1711074107748,4B,8,1B1B1A481AFF1AFF
1711074107767,3FF,8,3BEBFC6500000000
1711074108000,4A,8,4A1A49491B4E1A4E
1711074108010,4B,8,1B1B1A481AFF1AFF
1711074108287,3FF,8,3CEBFC6500000000
1711074109000,4A,8,4A1A49491A4E1A4E
1711074109010,4B,8,1B1B1A481AFF1AFF
1711074109549,3FF,8,3DEBFC6500000000
1711074110000,4A,8,4A1A49491B4E1A4E
1711074110010,4B,8,1B1B1A481AFF1AFF
1711074110737,4A,8,4A1A49491B4E1A4E
1711074110747,4B,8,1B1B1A481AFF1AFF
1711074110811,3FF,8,3EEBFC6500000000
1711074111000,4A,8,4A1A49491B4E1A4E
1711074111010,4B,8,1B1B1A481AFF1AFF
1711074111336,3FF,8,3FEBFC6500000000
1711074112000,4A,8,4A1A49491A4E1A4E
1711074112010,4B,8,1B1B1A481AFF1AFF
1711074112598,3FF,8,40EBFC6500000000
1711074112738,4A,8,4A1A49491B4E1A4E
1711074112755,4B,8,1B1A1A481AFF1AFF
1711074113000,4A,8,4A1A49491A4E1A4E
1711074113011,4B,8,1B1B1A481AFF1AFF
1711074113123,3FF,8,41EBFC6500000000
1711074114000,4A,8,4A1A49491B4E1A4E
1711074114010,4B,8,1B1B1A481AFF1AFF
1711074114385,3FF,8,42EBFC6500000000
1711074115000,4A,8,4A1A49491A4E1A4E
1711074115010,4B,8,1B1B1A481AFF1AFF
1711074115647,3FF,8,43EBFC6500000000
1711074115738,4A,8,4A1A49491B4E1A4E
1711074115754,4B,8,1B1B1A481AFF1AFF
1711074116000,4A,8,4A1A49491A4E1A4E
1711074116010,4B,8,1B1B1A481AFE1AFE
1711074116171,3FF,8,44EBFC6500000000
1711074117000,4A,8,4A1A49491A4E1A4E
1711074117011,4B,8,1B1B1A481AFF1AFF
1711074117434,3FF,8,45EBFC6500000000
1711074118000,4A,8,4A1A49491A4E1A4E
1711074118010,4B,8,1B1B1A481AFF1AFF
1711074118696,3FF,8,46EBFC6500000000
1711074118738,4A,8,4A1A49491B4E1A4E
1711074118750,4B,8,1B1B1A481AFF1AFF
1711074119000,4A,8,4A1A49491B4E1A4E
1711074119010,4B,8,1B1B1A481AFF1AFF
1711074119220,3FF,8,47EBFC6500000000
1711074120000,4A,8,4A1A49491B4E1A4E
1711074120010,4B,8,1B1B1A481AFF1AFF
1711074120482,3FF,8,48EBFC6500000000
1711074121000,4A,8,4A1A49491A4E1A4E
1711074121011,4B,8,1B1B1A481AFF1AFF
1711074121738,4A,8,4A1A49491B4E1A4E
1711074121751,3FF,8,49EBFC6500000000
1711074121752,4B,8,1B1B1A481AFF1AFF
1711074122000,4A,8,4A1A49491A4E1A4E
1711074122010,4B,8,1B1B1A481AFF1AFF
1711074122269,3FF,8,4AEBFC6500000000
1711074123000,4A,8,4A1A49491A4E1A4E
1711074123010,4B,8,1B1B1A481AFF1AFF
1711074123531,3FF,8,4BEBFC6500000000
1711074124000,4A,8,4A1A49491A4E1A4E
1711074124010,4B,8,1B1B1A481AFF1AFF
1711074124737,4A,8,4A1A49491B4E1A4E
1711074124748,4B,8,1B1B1A481AFF1AFF
1711074124800,3FF,8,4CEBFC6500000000
1711074125000,4A,8,4A1A49491A4E1A4E
1711074125010,4B,8,1B1A1A481AFF1AFF
1711074125318,3FF,8,4DEBFC6500000000
1711074126000,4A,8,4A1A49491A4E1A4E
1711074126010,4B,8,1B1B1A481AFF1AFF
1711074126580,3FF,8,4EEBFC6500000000
1711074126738,4A,8,4A1A49491B4E1A4E
1711074126748,4B,8,1B1B1A481AFF1AFF
1711074127000,4A,8,4A1A49491B4E1A4E
1711074127010,4B,8,1B1B1A481AFF1AFF
1711074127104,3FF,8,4FEBFC6500000000
1711074128000,4A,8,4A1A49491B4E1A4E
1711074128011,4B,8,1B1B1A481AFF1AFF
1711074128367,3FF,8,50EBFC6500000000
1711074129000,4A,8,4A1A49491B4E1A4E
1711074129010,4B,8,1B1A1A481AFF1AFF
1711074129629,3FF,8,51EBFC6500000000
1711074129738,4A,8,4A1A49491B4E1A4E
1711074129748,4B,8,1B1B1A481AFF1AFF
1711074130000,4A,8,4A1A49491A4E1A4E
1711074130010,4B,8,1B1B1A481AFF1AFF
1711074130153,3FF,8,52EBFC6500000000
1711074131000,4A,8,4A1A49491B4E1A4E
1711074131010,4B,8,1B1A1A481AFE1AFE
1711074131415,3FF,8,53EBFC6500000000
1711074132000,4A,8,4A1A49491B4F1A4F
1711074132010,4B,8,1B1B1A481AFF1AFF
1711074132678,3FF,8,54EBFC6500000000
1711074132738,4A,8,4A1A49491B4E1A4E
1711074132748,4B,8,1B1B1A481AFF1AFF
1711074133000,4A,8,4A1A49491B4E1A4E
1711074133010,4B,8,1B1B1A481AFE1AFE
1711074133202,3FF,8,55EBFC6500000000
1711074134000,4A,8,4A1A49491A4E1A4E
1711074134010,4B,8,1B1B1A481AFF1AFF
1711074134464,3FF,8,56EBFC6500000000
1711074135000,4A,8,4A1A49491B4E1A4E
1711074135010,4B,8,1B1B1A481AFF1AFF
1711074135726,3FF,8,57EBFC6500000000
1711074135737,4A,8,4A1A49491B4E1A4E
1711074135747,4B,8,1B1B1A481AFF1AFF
1711074136000,4A,8,4A1A49491B4F1A4F
1711074136010,4B,8,1B1B1A481AFF1AFF
1711074136251,3FF,8,58EBFC6500000000
1711074137000,4A,8,4A1A49491B4E1A4E
1711074137010,4B,8,1B1B1A481AFF1AFF
1711074137513,3FF,8,59EBFC6500000000
1711074138000,4A,8,4A1A49491B4E1A4E
1711074138010,4B,8,1B1B1A481AFF1AFF
1711074138738,4A,8,4A1A49491A4E1A4E
1711074138748,4B,8,1B1B1A481AFF1AFF
1711074138782,3FF,8,5AEBFC6500000000
1711074139000,4A,8,4A1A49491B4E1A4E
1711074139010,4B,8,1B1B1A481AFE1AFE
1711074139300,3FF,8,5BEBFC6500000000
1711074140000,4A,8,4A1A49491A4E1A4E
1711074140010,4B,8,1B1B1A481AFF1AFF
1711074140562,3FF,8,5CEBFC6500000000
1711074141000,4A,8,4A1A49491B4F1A4F
1711074141010,4B,8,1B1B1A481AFF1AFF
1711074141738,4A,8,4A1A49491A4E1A4E
1711074141748,4B,8,1B1B1A481AFF1AFF
1711074141824,3FF,8,5DEBFC6500000000
1711074142000,4A,8,4A1A49491B4E1A4E
1711074142011,4B,8,1B1B1B481AFF1AFF
1711074142349,3FF,8,5EEBFC6500000000
1711074143000,4A,8,4A1A49491B4F1A4F
1711074143010,4B,8,1B1B1A481AFF1AFF
1711074143611,3FF,8,5FEBFC6500000000
1711074143738,4A,8,4A1A49491A4E1A4E
1711074143748,4B,8,1B1B1A481AFF1AFF
1711074144000,4A,8,4A1A49491B4F1A4F
1711074144010,4B,8,1B1B1A481AFF1AFF
1711074144135,3FF,8,60EBFC6500000000
1711074145000,4A,8,4A1A49491B4F1A4F
1711074145010,4B,8,1B1B1A481AFF1AFF
1711074145397,3FF,8,61EBFC6500000000
1711074146000,4A,8,4A1A49491B4F1A4F
1711074146017,4B,8,1B1B1A481AFF1AFF
1711074146660,3FF,8,62EBFC6500000000
1711074146738,4A,8,4A1A49491B4E1A4E
1711074146748,4B,8,1B1B1A481AFF1AFF
1711074147000,4A,8,4A1A49491B4F1A4F
1711074147010,4B,8,1B1B1A481AFF1AFF
1711074147184,3FF,8,63EBFC6500000000
1711074148000,4A,8,4A1A49491B4F1A4F
1711074148010,4B,8,1B1B1A481AFF1AFF
1711074148446,3FF,8,64EBFC6500000000
1711074149000,4A,8,4A1A49491A4E1A4E
1711074149015,4B,8,1B1B1A481AFF1AFF
1711074149708,3FF,8,65EBFC6500000000
1711074149737,4A,8,4A1A49491A4E1A4E
1711074149748,4B,8,1B1B1A481AFF1AFF
1711074150000,4A,8,4A1A49491B4F1A4F
1711074150010,4B,8,1B1B1A481AFF1AFF
1711074150233,3FF,8,66EBFC6500000000
1711074151000,4A,8,4A1A49491B4F1A4F
1711074151010,4B,8,1B1B1B481AFF1AFF
1711074151495,3FF,8,67EBFC6500000000
1711074152000,4A,8,4A1A49491B4E1A4E
1711074152011,4B,8,1B1B1A481AFF1AFF
1711074152738,4A,8,4A1A49491B4F1A4F
1711074152748,4B,8,1B1B1B481AFF1AFF
1711074152761,3FF,8,68EBFC6500000000
1711074153000,4A,8,4A1A49491A4F1A4F
1711074153010,4B,8,1B1B1B481AFF1AFF
1711074153282,3FF,8,69EBFC6500000000
1711074154000,4A,8,4A1A49491B4F1A4F
1711074154010,4B,8,1B1B1A481AFF1AFF
1711074154544,3FF,8,6AEBFC6500000000
1711074155000,4A,8,4A1A49491B4F1A4F
1711074155010,4B,8,1B1B1A481AFF1AFF
1711074155738,4A,8,4A1A49491B4E1A4E
1711074155748,4B,8,1B1B1A481AFF1AFF
1711074155806,3FF,8,6BEBFC6500000000
1711074156000,4A,8,4A1A49491A4F1A4F
1711074156010,4B,8,1B1B1A481AFF1AFF
1711074156330,3FF,8,6CEBFC6500000000
1711074157000,4A,8,4A1A49491A4E1A4E
1711074157010,4B,8,1B1B1A481AFF1AFF
1711074157593,3FF,8,6DEBFC6500000000
1711074157738,4A,8,4A1A49491B4E1A4E
1711074157748,4B,8,1B1B1A481AFF1AFF
1711074158000,4A,8,4A1A49491A4F1A4F
1711074158010,4B,8,1B1B1A481AFF1AFF
1711074158117,3FF,8,6EEBFC6500000000
1711074159000,4A,8,4A1A49491B4F1A4F
1711074159010,4B,8,1B1B1B481AFF1AFF
1711074159379,3FF,8,6FEBFC6500000000
1711074160000,4A,8,4A1A49491A4F1A4F
1711074160010,4B,8,1B1B1A481AFF1AFF
1711074160641,3FF,8,70EBFC6500000000
1711074160737,4A,8,4A1A49491A4E1A4E
1711074160747,4B,8,1B1B1A481AFF1AFF
1711074161000,4A,8,4A1A49491B4E1A4E
1711074161010,4B,8,1B1B1A481AFF1AFF
1711074161166,3FF,8,71EBFC6500000000
1711074162000,4A,8,4A1A49491B4F1A4F
1711074162010,4B,8,1B1B1A481AFF1AFF
1711074162428,3FF,8,72EBFC6500000000
1711074163000,4A,8,4A1A49491B4F1A4F
1711074163010,4B,8,1B1B1A481AFF1AFF
1711074163690,3FF,8,73EBFC6500000000
1711074163738,4A,8,4A1A49491A4F1A4F
1711074163748,4B,8,1B1B1A481AFF1AFF
1711074164000,4A,8,4A1A49491B4F1A4F
1711074164010,4B,8,1B1B1A481AFF1AFF
1711074164215,3FF,8,74EBFC6500000000
1711074165000,4A,8,4A1A49491A4F1A4F
1711074165010,4B,8,1B1B1A481AFF1AFF
1711074165477,3FF,8,75EBFC6500000000
1711074166000,4A,8,4A1A49491B4E1A4E
1711074166010,4B,8,1B1B1A481AFF1AFF
1711074166738,4A,8,4A1A49491A4F1A4F
1711074166743,3FF,8,76EBFC6500000000
1711074166748,4B,8,1B1B1A481AFF1AFF
1711074167000,4A,8,4A1A49491B4E1A4E
1711074167011,4B,8,1B1B1A481AFF1AFF
1711074167264,3FF,8,77EBFC6500000000
1711074168000,4A,8,4A1A49491A4F1A4F
1711074168010,4B,8,1B1B1A481AFF1AFF
1711074168526,3FF,8,78EBFC6500000000
1711074169000,4A,8,4A1A49491B4F1A4F
1711074169010,4B,8,1B1B1A481AFF1AFF
1711074169738,4A,8,4A1A49491B4F1A4F
1711074169748,4B,8,1B1B1A481AFF1AFF
1711074169794,3FF,8,79EBFC6500000000
1711074170000,4A,8,4A1A49491B4F1A4F
1711074170010,4B,8,1B1B1A481AFF1AFF
1711074170312,3FF,8,7AEBFC6500000000
1711074171000,4A,8,4A1A49491A4E1A4E
1711074171011,4B,8,1B1B1A481AFF1AFF
1711074171575,3FF,8,7BEBFC6500000000
1711074171738,4A,8,4A1A49491B4F1A4F
1711074171748,4B,8,1B1B1A481AFF1AFF
1711074172000,4A,8,4A1A49491B4F1A4F
1711074172010,4B,8,1B1B1A481AFF1AFF
1711074172099,3FF,8,7CEBFC6500000000
1711074173000,4A,8,4A1A49491A4F1A4F
1711074173010,4B,8,1B1B1A481AFF1AFF
1711074173361,3FF,8,7DEBFC6500000000
1711074174000,4A,8,4A1A49491B4F1A4F
1711074174010,4B,8,1B1B1A481AFF1AFF
1711074174623,3FF,8,7EEBFC6500000000
1711074174737,4A,8,4A1A49491B4F1A4F
1711074174748,4B,8,1B1B1B481AFF1AFF
1711074175000,4A,8,4A1A49491B4F1A4F
1711074175010,4B,8,1B1B1A481AFF1AFF
1711074175148,3FF,8,7FEBFC6500000000
1711074176000,4A,8,4A1A49491A4F1A4F
1711074176017,4B,8,1B1B1B481AFF1AFF
1711074176410,3FF,8,80EBFC6500000000
1711074177000,4A,8,4A1A49491B4F1A4F
1711074177010,4B,8,1B1B1A481AFF1AFF
1711074177672,3FF,8,81EBFC6500000000
1711074177738,4A,8,4A1A49491B4F1A4F
1711074177748,4B,8,1B1B1A481AFF1AFF
1711074178000,4A,8,4A1A49491B4F1A4F
1711074178010,4B,8,1B1B1A481AFF1AFF
1711074178197,3FF,8,82EBFC6500000000
1711074179000,4A,8,4A1A49491B4F1A4F
1711074179016,4B,8,1B1B1B481AFF1AFF
1711074179459,3FF,8,83EBFC6500000000
1711074180000,4A,8,4A1A49491B4F1A4F
1711074180010,4B,8,1B1B1A481AFF1AFF
1711074180721,3FF,8,84EBFC6500000000
1711074180738,4A,8,4A1A49491B4F1A4F
1711074180748,4B,8,1B1B1A481AFF1AFF
1711074181000,4A,8,4A1A49491B4F1A4F
1711074181010,4B,8,1B1B1A481AFF1AFF
1711074181245,3FF,8,85EBFC6500000000
1711074182000,4A,8,4A1A49491B4F1A4F
1711074182012,4B,8,1B1B1A481AFF1AFF
1711074182508,3FF,8,86EBFC6500000000
1711074183000,4A,8,4A1A49491A4F1A4F
1711074183010,4B,8,1B1B1A481AFF1AFF
1711074183738,4A,8,4A1A494A1B4F1A4F
1711074183748,4B,8,1B1B1A481AFF1AFF
1711074183774,3FF,8,87EBFC6500000000
1711074184000,4A,8,4A1A49491B4F1A4F
1711074184010,4B,8,1B1B1A481AFF1AFF
1711074184294,3FF,8,88EBFC6500000000
1711074185000,4A,8,4A1A49491A4F1A4F
1711074185010,4B,8,1B1B1A481AFF1AFF
1711074185556,3FF,8,89EBFC6500000000
1711074186000,4A,8,4A1A49491B4F1A4F
1711074186010,4B,8,1B1B1A481AFF1AFF
1711074186738,4A,8,4A1A49491A4F1A4F
1711074186748,4B,8,1B1B1A481AFF1AFF
1711074186819,3FF,8,8AEBFC6500000000
1711074187000,4A,8,4A1A49491B4F1A4F
1711074187010,4B,8,1B1B1B481AFF1AFF
1711074187343,3FF,8,8BEBFC6500000000
1711074188000,4A,8,4A1A49491B4F1A4F
1711074188010,4B,8,1B1B1A481AFF1AFF
1711074188605,3FF,8,8CEBFC6500000000
1711074188738,4A,8,4A1A49491B4F1A4F
1711074188748,4B,8,1B1B1A481AFF1AFF
1711074189000,4A,8,4A1A49491B4F1A4F
1711074189010,4B,8,1B1B1B481AFF1AFF
1711074189130,3FF,8,8DEBFC6500000000
1711074190000,4A,8,4A1A49491B4F1A4F
1711074190010,4B,8,1B1B1A481AFF1AFF
1711074190392,3FF,8,8EEBFC6500000000
1711074191000,4A,8,4A1A49491B4F1A4F
1711074191010,4B,8,1B1B1B481AFF1AFF
1711074191654,3FF,8,8FEBFC6500000000
1711074191738,4A,8,4A1A49491B4F1A4F
1711074191748,4B,8,1B1B1A481AFF1AFF
1711074192000,4A,8,4A1A49491B4F1A4F
1711074192011,4B,8,1B1B1A481AFF1AFF
1711074192179,3FF,8,90EBFC6500000000
1711074193000,4A,8,4A1A49491B4F1A4F
1711074193010,4B,8,1B1B1A481AFF1AFF
1711074193441,3FF,8,91EBFC6500000000
1711074194000,4A,8,4A1A49491B4F1A4F
1711074194010,4B,8,1B1B1B481AFF1AFF
1711074194703,3FF,8,92EBFC6500000000
1711074194738,4A,8,4A1A49491B4F1A4F
1711074194748,4B,8,1B1B1A481AFF1AFF
1711074195000,4A,8,4A1A494A1B4F1A4F
1711074195010,4B,8,1B1B1A481AFF1AFF
1711074195227,3FF,8,93EBFC6500000000
1711074196000,4A,8,4A1A49491B4F1A4F
1711074196011,4B,8,1B1B1A491AFF1AFF
1711074196490,3FF,8,94EBFC6500000000
1711074197000,4A,8,4A1A49491B4F1A4F
1711074197010,4B,8,1B1B1A481AFF1AFF
1711074197738,4A,8,4A1A49491B4F1A4F
1711074197748,4B,8,1B1B1A481AFF1AFF
1711074197759,3FF,8,95EBFC6500000000
1711074198000,4A,8,4A1A494A1B4F1A4F
1711074198010,4B,8,1B1B1A481AFF1AFF
1711074198276,3FF,8,96EBFC6500000000
1711074199000,4A,8,4A1A49491B4F1A4F
1711074199010,4B,8,1B1B1A481AFF1AFF
1711074199538,3FF,8,97EBFC6500000000
1711074200000,4A,8,4A1A49491A4F1A4F
1711074200011,4B,8,1B1B1A481AFF1AFF
1711074200738,4A,8,4A1A49491A4F1A4F
1711074200748,4B,8,1B1B1B481AFF1AFF
1711074200801,3FF,8,98EBFC6500000000
1711074201000,4A,8,4A1A49491B4F1A4F
1711074201010,4B,8,1B1B1B481AFF1AFF
1711074201325,3FF,8,99EBFC6500000000
1711074202000,4A,8,4A1A49491B4F1A4F
1711074202010,4B,8,1B1B1B481AFF1AFF
1711074202587,3FF,8,9AEBFC6500000000
1711074202738,4A,8,4A1A49491B4F1A4F
1711074202748,4B,8,1B1B1B481AFF1AFF
1711074203000,4A,8,4A1A49491B4F1A4F
1711074203011,4B,8,1B1B1A491AFF1AFF
1711074203112,3FF,8,9BEBFC6500000000
1711074204000,4A,8,4A1A49491B4F1A4F
1711074204010,4B,8,1B1B1A481AFF1AFF
1711074204374,3FF,8,9CEBFC6500000000
1711074205000,4A,8,4A1A49491B4F1A4F
1711074205010,4B,8,1B1B1B481AFF1AFF
1711074205636,3FF,8,9DEBFC6500000000
1711074205738,4A,8,4A1A49491B4F1A4F
1711074205748,4B,8,1B1B1A481AFF1AFF
1711074206000,4A,8,4A1A494A1B4F1A4F
1711074206017,4B,8,1B1B1B481AFF1AFF
1711074206160,3FF,8,9EEBFC6500000000
1711074207000,4A,8,4A1A494A1B4F1A4F
1711074207011,4B,8,1B1B1A481AFF1AFF
1711074207423,3FF,8,9FEBFC6500000000
1711074208000,4A,8,4A1A49491B4F1A4F
1711074208010,4B,8,1B1B1A481AFF1AFF
1711074208685,3FF,8,A0EBFC6500000000
1711074208742,4A,8,4A1A49491B4F1A4F
1711074208748,4B,8,1B1B1A481AFF1AFF
1711074209000,4A,8,4A1A494A1A4F1A4F
1711074209016,4B,8,1B1B1A481AFF1AFF
1711074209209,3FF,8,A1EBFC6500000000
1711074210000,4A,8,4A1A49491B4F1A4F
1711074210010,4B,8,1B1B1B481AFF1AFF
1711074210471,3FF,8,A2EBFC6500000000
1711074211000,4A,8,4A1A494A1B4F1A4F
1711074211010,4B,8,1B1B1B481AFF1AFF
1711074211734,3FF,8,A3EBFC6500000000
1711074211738,4A,8,4A1A49491B4F1A4F
1711074211748,4B,8,1B1B1A481AFF1AFF
1711074212000,4A,8,4A1A49491A4F1A4F
1711074212012,4B,8,1B1B1A481AFF1AFF
1711074212258,3FF,8,A4EBFC6500000000
1711074213000,4A,8,4A1A494A1B4F1A4F
1711074213010,4B,8,1B1B1B491AFF1AFF
1711074213520,3FF,8,A5EBFC6500000000
1711074214000,4A,8,4A1A494A1B4F1A4F
1711074214011,4B,8,1B1B1B481AFF1AFF
1711074214738,4A,8,4A1A494A1B4F1A4F
1711074214748,4B,8,1B1B1A481AFF1AFF
1711074214787,3FF,8,A6EBFC6500000000
1711074215000,4A,8,4A1A49491B4F1A4F
1711074215011,4B,8,1B1B1A481AFF1AFF
1711074215307,3FF,8,A7EBFC6500000000
1711074216000,4A,8,4A1A49491B4F1A4F
1711074216010,4B,8,1B1B1B481AFF1AFF
1711074216569,3FF,8,A8EBFC6500000000
1711074216738,4A,8,4A1A494A1B4F1A4F
1711074217000,4B,8,1B1B1A481AFF1AFF
1711074217727,4A,8,4A1A494A1B4F1A4F
1711074217738,4B,8,1B1B1A481AFF1AFF
1711074217821,3FF,8,A9EBFC6500000000
1711074218000,4A,8,4A1A49491B4F1A4F
1711074218010,4B,8,1B1B1B491AFF1AFF
1711074218356,3FF,8,AAEBFC6500000000
1711074219000,4A,8,4A1A49491B4F1A4F
1711074219010,4B,8,1B1B1A491AFF1AFF
1711074219618,3FF,8,ABEBFC6500000000
1711074219738,4A,8,4A1A494A1B4F1A4F
1711074219748,4B,8,1B1B1B491AFF1AFF
1711074220000,4A,8,4A1A49491B4F1A4F
1711074220010,4B,8,1B1B1B481AFF1AFF
1711074220142,3FF,8,ACEBFC6500000000
1711074221000,4A,8,4A1A49491A4F1A4F
1711074221011,4B,8,1B1B1A481AFF1AFF
1711074221405,3FF,8,ADEBFC6500000000
1711074222000,4A,8,4A1A494A1B4F1A4F
1711074222010,4B,8,1B1B1B491AFF1AFF
1711074222667,3FF,8,AEEBFC6500000000
1711074222738,4A,8,4A1A49491B4F1A4F
1711074222748,4B,8,1B1B1A491AFF1AFF
1711074223000,4A,8,4A1A494A1B4F1A4F
1711074223010,4B,8,1B1B1A481AFF1AFF
1711074223191,3FF,8,AFEBFC6500000000
1711074224000,4A,8,4A1A494A1B4F1A4F
1711074224010,4B,8,1B1B1B481AFF1AFF
1711074224453,3FF,8,B0EBFC6500000000
1711074225000,4A,8,4A1A494A1B4F1A4F
1711074225011,4B,8,1B1B1B491AFF1AFF
1711074225716,3FF,8,B1EBFC6500000000
1711074225738,4A,8,4A1A494A1B4F1A4F
1711074225748,4B,8,1B1B1B491AFF1AFF
1711074226000,4A,8,4A1A49491B4F1A4F
1711074226010,4B,8,1B1B1A481AFF1AFF
1711074226240,3FF,8,B2EBFC6500000000
1711074227000,4A,8,4A1A49491B4F1A4F
1711074227010,4B,8,1B1B1A481AFF1AFF
1711074227502,3FF,8,B3EBFC6500000000
1711074228000,4A,8,4A1A494A1B4F1A4F
1711074228010,4B,8,1B1B1A481AFF1AFF
1711074228737,4A,8,4A1A494A1B4F1A4F
1711074228748,4B,8,1B1B1A481AFF1AFF
1711074228770,3FF,8,B4EBFC6500000000
1711074229000,4A,8,4A1A494A1B4F1A4F
1711074229010,4B,8,1B1B1A491AFF1AFF
1711074229289,3FF,8,B5EBFC6500000000
1711074230000,4A,8,4A1A494A1B4F1A4F
1711074230010,4B,8,1B1B1B481AFF1AFF
1711074230551,3FF,8,B6EBFC6500000000
1711074231000,4A,8,4A1A494A1B4F1A4F
1711074231010,4B,8,1B1B1B491AFF1AFF
1711074231738,4A,8,4A1A494A1B4F1A4F
1711074231748,4B,8,1B1B1B481AFF1AFF
1711074231813,3FF,8,B7EBFC6500000000
1711074232000,4A,8,4A1A494A1B4F1A4F
1711074232010,4B,8,1B1B1A491AFF1AFF
1711074232338,3FF,8,B8EBFC6500000000
1711074233000,4A,8,4A1A494A1B4F1A4F
1711074233010,4B,8,1B1B1A491AFF1AFF
1711074233600,3FF,8,B9EBFC6500000000
1711074233738,4A,8,4A1A494A1B4F1A4F
1711074233748,4B,8,1B1B1B481AFF1AFF
1711074234000,4A,8,4A1A494A1B4F1A4F
1711074234010,4B,8,1B1B1A491AFF1AFF
1711074234124,3FF,8,BAEBFC6500000000
1711074235000,4A,8,4A1A494A1B4F1A4F
1711074235010,4B,8,1B1B1A481AFE1AFE
1711074235386,3FF,8,BBEBFC6500000000
1711074236000,4A,8,4A1A494A1B4F1A4F
1711074236010,4B,8,1B1B1A481AFF1AFF
1711074236649,3FF,8,BCEBFC6500000000
1711074236738,4A,8,4A1A494A1B4F1A4F
1711074236748,4B,8,1B1B1B481AFF1AFF
1711074237000,4A,8,4A1A494A1B4F1A4F
1711074237010,4B,8,1B1B1A491AFE1AFE
1711074237173,3FF,8,BDEBFC6500000000
1711074238000,4A,8,4A1A494A1A4F1A4F
1711074238010,4B,8,1B1B1B481AFF1AFF
1711074238435,3FF,8,BEEBFC6500000000
1711074239000,4A,8,4A1A494A1B4F1A4F
1711074239011,4B,8,1B1B1A491AFF1AFF
1711074239698,3FF,8,BFEBFC6500000000
1711074239738,4A,8,4A1A494A1A4F1A4F
1711074239752,4B,8,1B1B1A491AFF1AFF
1711074240000,4A,8,4A1A494A1B4F1A4F
1711074240010,4B,8,1B1B1B481AFF1AFF
1711074240222,3FF,8,C0EBFC6500000000
1711074241000,4A,8,4A1A494A1B4F1A4F
1711074241010,4B,8,1B1B1B491AFF1AFF
1711074241484,3FF,8,C1EBFC6500000000
1711074242000,4A,8,4A1A494A1B4F1A4F
1711074242010,4B,8,1B1B1B481AFF1AFF
1711074242737,4A,8,4A1A494A1B4F1A4F
1711074242753,3FF,8,C2EBFC6500000000
1711074242754,4B,8,1B1B1A491AFF1AFF
1711074243000,4A,8,4A1A494A1B4F1A4F
1711074243010,4B,8,1B1B1A491AFF1AFF
1711074243271,3FF,8,C3EBFC6500000000
1711074244000,4A,8,4A1A494A1B4F1A4F
1711074244010,4B,8,1B1B1A491AFF1AFF
1711074244533,3FF,8,C4EBFC6500000000
1711074245000,4A,8,4A1A494A1B4F1A4F
1711074245010,4B,8,1B1B1B491AFF1AFF
1711074245738,4A,8,4A1A494A1B4F1A4F
1711074245749,4B,8,1B1B1A481AFF1AFF
1711074245802,3FF,8,C5EBFC6500000000
1711074246000,4A,8,4A1A494A1B4F1A4F
1711074246011,4B,8,1B1B1A491AFF1AFF
1711074246320,3FF,8,C6EBFC6500000000
1711074247000,4A,8,4A1A494A1B4F1A4F
1711074247010,4B,8,1B1B1A491AFF1AFF
1711074247582,3FF,8,C7EBFC6500000000
1711074247738,4A,8,4A1A494A1B4F1A4F
1711074247748,4B,8,1B1B1A491AFF1AFF
1711074248000,4A,8,4A1A494A1B4F1A4F
1711074248010,4B,8,1B1B1B481AFF1AFF
1711074248106,3FF,8,C8EBFC6500000000
1711074249000,4A,8,4A1A494A1B4F1A4F
1711074249010,4B,8,1B1B1A491AFF1AFF
1711074249368,3FF,8,C9EBFC6500000000
1711074250000,4A,8,4A1A494A1B4F1A4F
1711074250011,4B,8,1B1B1A491AFF1AFF
1711074250631,3FF,8,CAEBFC6500000000
1711074250738,4A,8,4A1A494A1B4F1A4F
1711074250748,4B,8,1B1B1A491AFF1AFF
1711074251000,4A,8,4A1A494A1B4F1A4F
1711074251010,4B,8,1B1B1A491AFF1AFF
1711074251155,3FF,8,CBEBFC6500000000
1711074252000,4A,8,4A1A494A1B4F1A4F
1711074252010,4B,8,1B1B1A481AFF1AFF
1711074252417,3FF,8,CCEBFC6500000000
1711074253000,4A,8,4A1A494A1B4F1A4F
1711074253010,4B,8,1B1B1A481AFF1AFF
1711074253679,3FF,8,CDEBFC6500000000
1711074253737,4A,8,4A1A494A1B4F1A4F
1711074253748,4B,8,1B1B1B491AFF1AFF
1711074254000,4A,8,4A1A494A1B4F1A4F
1711074254010,4B,8,1B1B1B491AFF1AFF
1711074254204,3FF,8,CEEBFC6500000000
1711074255000,4A,8,4A1A494A1B4F1A4F
1711074255010,4B,8,1B1B1A491AFF1AFF
1711074255466,3FF,8,CFEBFC6500000000
1711074256000,4A,8,4A1A494A1B4F1A4F
1711074256010,4B,8,1B1B1B491AFF1AFF
1711074256728,3FF,8,D0EBFC6500000000
1711074256738,4A,8,4A1A494A1B4F1A4F
1711074256748,4B,8,1B1B1A491AFF1AFF
1711074257000,4A,8,4A1A494A1B4F1A4F
1711074257011,4B,8,1B1B1A491AFF1AFF
1711074257253,3FF,8,D1EBFC6500000000
1711074258000,4A,8,4A1A494A1B4F1A4F
1711074258010,4B,8,1B1B1A481AFF1AFF
1711074258515,3FF,8,D2EBFC6500000000
1711074259000,4A,8,4A1A494A1B4F1A4F
1711074259010,4B,8,1B1B1A491AFF1AFF
1711074259738,4A,8,4A1A494A1B4F1A4F
1711074259748,4B,8,1B1B1B491AFF1AFF
1711074259784,3FF,8,D3EBFC6500000000
1711074260000,4A,8,4A1A494A1B4F1A4F
1711074260010,4B,8,1B1B1B491AFF1AFF
1711074260301,3FF,8,D4EBFC6500000000
1711074261000,4A,8,4A1A494A1B4F1A4F
1711074261010,4B,8,1B1B1A491AFF1AFF
1711074261564,3FF,8,D5EBFC6500000000
1711074261738,4A,8,4A1A494A1B4F1A4F
1711074262000,4B,8,1B1B1A491AFF1AFF
1711074262728,4A,8,4A1A494A1B4F1A4F
1711074262738,4B,8,1B1B1B491AFF1AFF
1711074262816,3FF,8,D6EBFC6500000000
1711074263000,4A,8,4A1A494A1B4F1A4F
1711074263010,4B,8,1B1B1B491AFF1AFF
1711074263350,3FF,8,D7EBFC6500000000
1711074264000,4A,8,4A1A494A1B4F1A4F
1711074264010,4B,8,1B1B1B491AFF1AFF
1711074264612,3FF,8,D8EBFC6500000000
1711074264737,4A,8,4A1A494A1B4F1A4F
1711074264747,4B,8,1B1B1A491AFF1AFF
1711074265000,4A,8,4A1A494A1B4F1A4F
1711074265010,4B,8,1B1B1B491AFF1AFF
1711074265137,3FF,8,D9EBFC6500000000
1711074266000,4A,8,4A1A494A1B4F1A4F
1711074266010,4B,8,1B1B1B491AFF1AFF
1711074266399,3FF,8,DAEBFC6500000000
1711074267000,4A,8,4A1A494A1B4F1A4F
1711074267010,4B,8,1B1B1A491AFF1AFF
1711074267661,3FF,8,DBEBFC6500000000
1711074267738,4A,8,4A1A494A1B4F1A4F
1711074267748,4B,8,1B1B1A491AFF1AFF
1711074268000,4A,8,4A1A494A1B4F1A4F
1711074268010,4B,8,1B1B1B491AFF1AFF
1711074268186,3FF,8,DCEBFC6500000000
1711074269000,4A,8,4A1A494A1B4F1A4F
1711074269010,4B,8,1B1B1A491AFF1AFF
1711074269448,3FF,8,DDEBFC6500000000
1711074270000,4A,8,4A1A494A1B4F1A4F
1711074270017,4B,8,1B1B1A491AFF1AFF
1711074270710,3FF,8,DEEBFC6500000000
1711074270738,4A,8,4A1A494A1B4F1A4F
1711074270748,4B,8,1B1B1A491AFF1AFF
1711074271000,4A,8,4A1A494A1B4F1A4F
1711074271011,4B,8,1B1B1A491AFF1AFF
1711074271235,3FF,8,DFEBFC6500000000
1711074272000,4A,8,4A1A494A1B4F1A4F
1711074272010,4B,8,1B1B1A491AFF1AFF
1711074272497,3FF,8,E0EBFC6500000000
1711074273000,4A,8,4A1A494A1B4F1A4F
1711074273013,4B,8,1B1B1B491AFF1AFF
1711074273738,4A,8,4A1A494A1B4F1A4F
1711074273748,4B,8,1B1B1B491AFF1AFF
1711074273763,3FF,8,E1EBFC6500000000
1711074274000,4A,8,4A1A494A1B4F1A4F
1711074274010,4B,8,1B1B1B491AFE1AFE
1711074274283,3FF,8,E2EBFC6500000000
1711074275000,4A,8,4A1A494A1B4F1A4F
1711074275011,4B,8,1B1B1B491AFF1AFF
1711074275546,3FF,8,E3EBFC6500000000
1711074276000,4A,8,4A1A494A1B4F1A4F
1711074276012,4B,8,1B1B1B491AFF1AFF
1711074276738,4A,8,4A1A494A1B4F1A4F
1711074276748,4B,8,1B1B1B491AFF1AFF
1711074276808,3FF,8,E4EBFC6500000000
1711074277000,4A,8,4A1A494A1B4F1A4F
1711074277010,4B,8,1B1B1A491AFF1AFF
1711074277332,3FF,8,E5EBFC6500000000
1711074278000,4A,8,4A1A494A1B4F1A4F
1711074278010,4B,8,1B1B1A491AFF1AFF
1711074278594,3FF,8,E6EBFC6500000000
1711074278737,4A,8,4A1A494A1B4F1A4F
1711074278748,4B,8,1B1B1B491AFF1AFF
1711074279000,4A,8,4A1A494A1B4F1A4F
1711074279010,4B,8,1B1B1A491AFF1AFF
1711074279119,3FF,8,E7EBFC6500000000
1711074280000,4A,8,4A1A494A1B4F1A4F
1711074280010,4B,8,1B1B1A491AFF1AFF
1711074280381,3FF,8,E8EBFC6500000000
1711074281000,4A,8,4A1A494A1B4F1A4F
1711074281010,4B,8,1B1B1A491AFF1AFF
1711074281643,3FF,8,E9EBFC6500000000
1711074281738,4A,8,4A1A494A1B4F1A4F
1711074281748,4B,8,1B1B1A491AFF1AFF
1711074282000,4A,8,4A1A494A1B4F1A4F
1711074282011,4B,8,1B1B1A491AFF1AFF
1711074282168,3FF,8,EAEBFC6500000000
1711074283000,4A,8,4A1A494A1B4F1A4F
1711074283010,4B,8,1B1B1B491AFF1AFF
1711074283430,3FF,8,EBEBFC6500000000
1711074284000,4A,8,4A1A494A1B4F1A4F
1711074284010,4B,8,1B1B1A491AFF1AFF
1711074284692,3FF,8,ECEBFC6500000000
1711074284738,4A,8,4A1A494A1B4F1A4F
1711074284749,4B,8,1B1B1B491AFF1AFF
1711074285000,4A,8,4A1A494A1B4F1A4F
1711074285010,4B,8,1B1B1A491AFF1AFF
1711074285216,3FF,8,EDEBFC6500000000
1711074286000,4A,8,4B1A494A1B4F1A4F
1711074286010,4B,8,1B1B1A491AFF1AFF
1711074286479,3FF,8,EEEBFC6500000000
1711074287000,4A,8,4A1A494A1B4F1A4F
1711074287010,4B,8,1B1B1B491AFF1AFF
1711074287738,4A,8,4A1A494A1B4F1A4F
1711074287745,3FF,8,EFEBFC6500000000
1711074287748,4B,8,1B1B1A491AFE1AFE
1711074288000,4A,8,4B1A494A1B4F1A4F
1711074288010,4B,8,1B1B1B491AFF1AFF
1711074288265,3FF,8,F0EBFC6500000000
1711074289000,4A,8,4B1A494A1B4F1A4F
1711074289010,4B,8,1B1B1B491AFF1AFF
1711074289527,3FF,8,F1EBFC6500000000
1711074290000,4A,8,4A1A494A1B4F1A4F
1711074290010,4B,8,1B1B1B491AFF1AFF
1711074290738,4A,8,4A1A494A1B4F1A4F
1711074290748,4B,8,1B1B1A491AFF1AFF
1711074290794,3FF,8,F2EBFC6500000000
1711074291000,4A,8,4A1A494A1B4F1A4F
1711074291010,4B,8,1B1B1B491AFE1AFE
1711074291314,3FF,8,F3EBFC6500000000
1711074292000,4A,8,4A1A494A1B4F1A4F
1711074292010,4B,8,1B1B1B491AFF1AFF
1711074292576,3FF,8,F4EBFC6500000000
1711074292737,4A,8,4A1A494A1B4F1A4F
1711074292748,4B,8,1B1B1A491AFF1AFF
1711074293000,4A,8,4A1A494A1B4F1A4F
1711074293010,4B,8,1B1B1A491AFF1AFF
1711074293101,3FF,8,F5EBFC6500000000
1711074294000,4A,8,4A1A494A1B4F1A4F
1711074294010,4B,8,1B1B1A491AFF1AFF
1711074294363,3FF,8,F6EBFC6500000000
1711074295000,4A,8,4B1A494A1B4F1A4F
1711074295010,4B,8,1B1B1B491AFF1AFF
1711074295625,3FF,8,F7EBFC6500000000
1711074295738,4A,8,4A1A494A1B4F1A4F
1711074295748,4B,8,1B1B1B491AFF1AFF
1711074296000,4A,8,4A1A494A1B4F1A4F
1711074296011,4B,8,1B1B1B491AFF1AFF
1711074296150,3FF,8,F8EBFC6500000000
1711074297000,4A,8,4A1A494A1B4F1A4F
1711074297010,4B,8,1B1B1A491AFF1AFF
1711074297412,3FF,8,F9EBFC6500000000
1711074298000,4A,8,4A1A494A1B4F1A4F
1711074298010,4B,8,1B1B1A491AFF1AFF
1711074298674,3FF,8,FAEBFC6500000000
1711074298738,4A,8,4A1A494A1B4F1A4F
1711074298748,4B,8,1B1B1A491AFF1AFF
1711074299000,4A,8,4A1A494A1B4F1A4F
1711074299010,4B,8,1B1B1A491AFF1AFF
1711074299198,3FF,8,FBEBFC6500000000
1711074300000,4A,8,4A1A494A1B4F1A4F
1711074300015,4B,8,1B1B1B491AFF1AFF
1711074300461,3FF,8,FCEBFC6500000000
1711074301000,4A,8,4A1A494A1B4F1A4F
1711074301010,4B,8,1B1B1B491AFF1AFF
1711074301723,3FF,8,FDEBFC6500000000
1711074301738,4A,8,4A1A494A1B4F1A4F
1711074301748,4B,8,1B1B1B491AFF1AFF
1711074302000,4A,8,4B1A494A1B4F1A4F
1711074302010,4B,8,1B1B1B491AFF1AFF
1711074302247,3FF,8,FEEBFC6500000000
1711074303000,4A,8,4B1A494A1B4F1A4F
1711074303016,4B,8,1B1B1B491AFF1AFF
1711074303509,3FF,8,FFEBFC6500000000
1711074304000,4A,8,4A1A494A1B4F1A4F
1711074304011,4B,8,1B1B1A491AFF1AFF
1711074304738,4A,8,4A1A494A1B4F1A4F
1711074304748,4B,8,1B1B1A491AFF1AFF
1711074304779,3FF,8,00ECFC6500000000
1711074305000,4A,8,4A1A494A1B4F1A4F
1711074305010,4B,8,1B1B1A491AFF1AFF
1711074305296,3FF,8,01ECFC6500000000
1711074306000,4A,8,4A1A494A1B4F1A4F
1711074306015,4B,8,1B1B1A491AFF1AFF
1711074306558,3FF,8,02ECFC6500000000
1711074307000,4A,8,4B1A494A1B4F1A4F
1711074307010,4B,8,1B1B1B491AFF1AFF
1711074307737,4A,8,4B1A494A1B4F1A4F
1711074307748,4B,8,1B1B1B491AFF1AFF
1711074307820,3FF,8,03ECFC6500000000
1711074308000,4A,8,4B1A494A1B4F1A4F
1711074308010,4B,8,1B1B1A491AFF1AFF
1711074308345,3FF,8,04ECFC6500000000
1711074309000,4A,8,4A1A494A1B4F1A4F
1711074309014,4B,8,1B1B1A491AFF1AFF
1711074309607,3FF,8,05ECFC6500000000
1711074309738,4A,8,4B1A494A1B4F1A4F
1711074309748,4B,8,1B1B1A491AFF1AFF
1711074310000,4A,8,4B1A494A1B4F1A4F
1711074310010,4B,8,1B1B1B491AFF1AFF
1711074310131,3FF,8,06ECFC6500000000
1711074311000,4A,8,4B1A494A1B4F1A4F
1711074311010,4B,8,1B1B1B491AFF1AFF
1711074311394,3FF,8,07ECFC6500000000
1711074312000,4A,8,4A1A494A1B4F1A4F
1711074312012,4B,8,1B1B1A491AFF1AFF
1711074312656,3FF,8,08ECFC6500000000
1711074312738,4A,8,4B1A494A1B4F1A4F
1711074312748,4B,8,1B1B1A491AFF1AFF
1711074313000,4A,8,4A1A494A1B4F1A4F
1711074313010,4B,8,1B1B1A491AFF1AFF
1711074313180,3FF,8,09ECFC6500000000
1711074314000,4A,8,4A1A494A1B4F1A4F
1711074314010,4B,8,1B1B1A491AFF1AFF
1711074314442,3FF,8,0AECFC6500000000
1711074315000,4A,8,4B1A494A1B4F1A4F
1711074315011,4B,8,1B1B1A491AFF1AFF
1711074315705,3FF,8,0BECFC6500000000
1711074315738,4A,8,4B1A494A1B4F1A4F
1711074315748,4B,8,1B1B1A491AFF1AFF
1711074316000,4A,8,4B1A494A1B4F1A4F
1711074316010,4B,8,1B1B1B491AFF1AFF
1711074316229,3FF,8,0CECFC6500000000
1711074317000,4A,8,4A1A494A1B4F1A4F
1711074317010,4B,8,1B1B1B491AFF1AFF
1711074317491,3FF,8,0DECFC6500000000
1711074318000,4A,8,4B1A494A1B4F1A4F
1711074318010,4B,8,1B1B1B491AFF1AFF
1711074318737,4A,8,4B1A494A1B4F1A4F
1711074318747,4B,8,1B1B1B491AFF1AFF
1711074318758,3FF,8,0EECFC6500000000
1711074319000,4A,8,4B1A494A1B4F1A4F
1711074319010,4B,8,1B1B1A491AFF1AFF
1711074319278,3FF,8,0FECFC6500000000
1711074320000,4A,8,4A1A494A1B4F1A4F
1711074320010,4B,8,1B1B1A491AFF1AFF
1711074320540,3FF,8,10ECFC6500000000
1711074321000,4A,8,4B1A494A1B4F1A4F
1711074321010,4B,8,1B1B1B491AFF1AFF
1711074321738,4A,8,4B1A494A1B4F1A4F
1711074321748,4B,8,1B1B1B491AFF1AFF
1711074321802,3FF,8,11ECFC6500000000
1711074322000,4A,8,4A1A494A1B4F1A4F
1711074322010,4B,8,1B1B1B491AFF1AFF
1711074322327,3FF,8,12ECFC6500000000
1711074323000,4A,8,4A1A494A1B4F1A4F
1711074323010,4B,8,1B1B1B491AFF1AFF
1711074323589,3FF,8,13ECFC6500000000
1711074323738,4A,8,4B1A494A1B4F1A4F
1711074323748,4B,8,1B1B1B491AFF1AFF
1711074324000,4A,8,4A1A494A1B4F1A4F
1711074324010,4B,8,1B1B1B491AFE1AFE
1711074324113,3FF,8,14ECFC6500000000
1711074325000,4A,8,4B1A4A4A1B4F1A4F
1711074325011,4B,8,1B1B1B491AFF1AFF
1711074325376,3FF,8,15ECFC6500000000
1711074326000,4A,8,4A1A494A1B4F1A4F
1711074326010,4B,8,1B1B1B491AFE1AFE
1711074326638,3FF,8,16ECFC6500000000
1711074326738,4A,8,4B1A4A4A1B4F1A4F
1711074326748,4B,8,1B1B1A491AFF1AFF
1711074327000,4A,8,4B1A494A1B4F1A4F
1711074327010,4B,8,1B1B1B491AFF1AFF
1711074327162,3FF,8,17ECFC6500000000
1711074328000,4A,8,4B1A494A1B4F1A4F
1711074328010,4B,8,1B1B1A491AFF1AFF
1711074328424,3FF,8,18ECFC6500000000
1711074329000,4A,8,4B1A494A1B4F1A4F
1711074329011,4B,8,1B1B1B491AFF1AFF
1711074329687,3FF,8,19ECFC6500000000
1711074329742,4A,8,4B1A494A1B4F1A4F
1711074329748,4B,8,1B1B1A491AFF1AFF
1711074330000,4A,8,4B1A494A1B4F1A4F
1711074330010,4B,8,1B1B1B491AFF1AFF
1711074330211,3FF,8,1AECFC6500000000
1711074331000,4A,8,4B1A494A1B4F1A4F
1711074331010,4B,8,1B1B1B491AFF1AFF
1711074331473,3FF,8,1BECFC6500000000
1711074332000,4A,8,4B1A4A4A1B4F1A4F
1711074332010,4B,8,1B1B1B491AFF1AFF
1711074332735,3FF,8,1CECFC6500000000
1711074332737,4A,8,4B1A494A1B501A50
1711074332748,4B,8,1B1B1A491AFF1AFF
1711074333000,4A,8,4B1A4A4A1B4F1A4F
1711074333015,4B,8,1B1B1A491AFE1AFE
1711074333260,3FF,8,1DECFC6500000000
1711074334000,4A,8,4A1A4A4A1B4F1A4F
1711074334010,4B,8,1B1B1B491AFF1AFF
1711074334522,3FF,8,1EECFC6500000000
1711074335000,4A,8,4B1A494A1B501A50
1711074335010,4B,8,1B1B1A491AFF1AFF
1711074335738,4A,8,4B1A494A1B4F1A4F
1711074335748,4B,8,1B1B1A491AFF1AFF
1711074335800,3FF,8,1FECFC6500000000
1711074336000,4A,8,4B1A494A1B4F1A4F
1711074336028,4B,8,1B1B1B491AFF1AFF
1711074336309,3FF,8,20ECFC6500000000
1711074337000,4A,8,4B1A4A4A1B4F1A4F
1711074337010,4B,8,1B1B1B491AFF1AFF
1711074337571,3FF,8,21ECFC6500000000
1711074337738,4A,8,4B1A494A1B4F1A4F
1711074337748,4B,8,1B1B1B491AFF1AFF
1711074338000,4A,8,4B1A494A1B4F1A4F
1711074338010,4B,8,1B1B1B491AFF1AFF
1711074338095,3FF,8,22ECFC6500000000
1711074339000,4A,8,4B1A4A4A1B4F1A4F
1711074339012,4B,8,1B1B1A491AFF1AFF
1711074339357,3FF,8,23ECFC6500000000
1711074340000,4A,8,4B1A494A1B4F1A4F
1711074340010,4B,8,1B1B1B491AFF1AFF
1711074340620,3FF,8,24ECFC6500000000
1711074340738,4A,8,4B1A494A1B4F1A4F
1711074340748,4B,8,1B1B1B491AFF1AFF
1711074341000,4A,8,4B1A494A1B4F1A4F
1711074341010,4B,8,1B1B1A491AFF1AFF
1711074341144,3FF,8,25ECFC6500000000
1711074342000,4A,8,4B1A494A1B4F1A4F
1711074342011,4B,8,1B1B1B491AFF1AFF
1711074342406,3FF,8,26ECFC6500000000
1711074343000,4A,8,4B1A4A4A1B4F1A4F
1711074343010,4B,8,1B1B1B491AFF1AFF
1711074343668,3FF,8,27ECFC6500000000
1711074343737,4A,8,4B1A494A1B501A50
1711074343747,4B,8,1B1B1A491AFF1AFF
1711074344000,4A,8,4B1A494A1B4F1A4F
1711074344010,4B,8,1B1B1B491AFF1AFF
1711074344193,3FF,8,28ECFC6500000000
1711074345000,4A,8,4B1A494A1B4F1A4F
1711074345010,4B,8,1B1B1B491AFF1AFF
1711074345455,3FF,8,29ECFC6500000000
1711074346000,4A,8,4B1A4A4A1B501A50
1711074346010,4B,8,1B1B1B491AFF1AFF
1711074346717,3FF,8,2AECFC6500000000
1711074346738,4A,8,4B1A4A4A1B501A50
1711074346748,4B,8,1B1B1A491AFF1AFF
1711074347000,4A,8,4B1A4A4A1B501A50
1711074347010,4B,8,1B1B1B491AFF1AFF
1711074347242,3FF,8,2BECFC6500000000
1711074348000,4A,8,4B1A4A4A1B501A50
1711074348010,4B,8,1B1B1B491AFF1AFF
1711074348504,3FF,8,2CECFC6500000000
1711074349000,4A,8,4B1A4A4A1B501A50
1711074349010,4B,8,1B1B1A491AFF1AFF
1711074349738,4A,8,4B1A4A4A1B501A50
1711074349748,4B,8,1B1B1B491AFF1AFF
1711074349772,3FF,8,2DECFC6500000000
1711074350000,4A,8,4B1A4A4A1B501A50
1711074350011,4B,8,1B1B1A491AFF1AFF
1711074350291,3FF,8,2EECFC6500000000
1711074351000,4A,8,4B1A494A1B501A50
1711074351010,4B,8,1B1B1B491AFF1AFF
1711074351553,3FF,8,2FECFC6500000000
1711074352000,4A,8,4B1A4A4A1B4F1A4F
1711074352010,4B,8,1B1B1B491AFF1AFF
1711074352738,4A,8,4B1A494A1B4F1A4F
1711074352748,4B,8,1B1B1A491AFF1AFF
1711074352815,3FF,8,30ECFC6500000000
1711074353000,4A,8,4B1A494A1B501A50
1711074353010,4B,8,1B1B1B491AFF1AFF
1711074353339,3FF,8,31ECFC6500000000
1711074354000,4A,8,4B1A494A1B501A50
1711074354011,4B,8,1B1B1B491AFF1AFF
1711074354602,3FF,8,32ECFC6500000000
1711074354738,4A,8,4B1A4A4A1B4F1A4F
1711074354748,4B,8,1B1B1B491AFF1AFF
1711074355000,4A,8,4B1A4A4A1B501A50
1711074355010,4B,8,1B1B1B491AFE1AFE
1711074355126,3FF,8,33ECFC6500000000
1711074356000,4A,8,4B1A4A4A1B501A50
1711074356010,4B,8,1B1B1B491AFF1AFF
1711074356388,3FF,8,34ECFC6500000000
1711074357000,4A,8,4B1A4A4A1B4F1A4F
1711074357010,4B,8,1B1B1B491AFF1AFF
1711074357650,3FF,8,35ECFC6500000000
1711074357737,4A,8,4B1A4A4A1B501A50
1711074357748,4B,8,1B1B1B491AFF1AFF
1711074358000,4A,8,4B1A4A4A1B501A50
1711074358010,4B,8,1B1B1B491AFF1AFF
1711074358175,3FF,8,36ECFC6500000000
1711074359000,4A,8,4B1A494A1B501A50
1711074359010,4B,8,1B1B1B491AFF1AFF
1711074359437,3FF,8,37ECFC6500000000
1711074360000,4A,8,4B1A4A4A1B501A50
1711074360010,4B,8,1B1B1B491AFF1AFF
1711074360699,3FF,8,38ECFC6500000000
1711074360738,4A,8,4B1A4A4A1B4F1A4F
1711074360748,4B,8,1B1B1B491AFF1AFF
1711074361000,4A,8,4B1A4A4A1B501A50
1711074361010,4B,8,1B1B1A491AFF1AFF
1711074361224,3FF,8,39ECFC6500000000
1711074362000,4A,8,4B1A4A4A1B501A50
1711074362010,4B,8,1B1B1B491AFE1AFE
1711074362486,3FF,8,3AECFC6500000000
1711074363000,4A,8,4B1A4A4A1B501A50
1711074363010,4B,8,1B1B1B491AFF1AFF
1711074363738,4A,8,4B1A4A4A1B501A50
1711074363754,3FF,8,3BECFC6500000000
1711074363754,4B,8,1B1B1A491AFF1AFF
1711074364000,4A,8,4B1A494A1B501A50
1711074364010,4B,8,1B1B1B491AFF1AFF
1711074364272,3FF,8,3CECFC6500000000
1711074365000,4A,8,4B1A4A4A1B501A50
1711074365010,4B,8,1B1B1B491AFF1AFF
1711074365535,3FF,8,3DECFC6500000000
1711074366000,4A,8,4B1A4A4A1B501A50
1711074366010,4B,8,1B1B1B491AFF1AFF
1711074366738,4A,8,4B1A4A4A1B501A50
1711074366752,4B,8,1B1B1B491AFE1AFE
1711074366803,3FF,8,3EECFC6500000000
1711074367000,4A,8,4B1A4A4A1B501A50
1711074367010,4B,8,1B1B1A491AFF1AFF
1711074367321,3FF,8,3FECFC6500000000
1711074368000,4A,8,4B1A4A4A1B501A50
1711074368010,4B,8,1B1B1B491AFF1AFF
1711074368583,3FF,8,40ECFC6500000000
1711074368737,4A,8,4B1A494A1B501A50
1711074368747,4B,8,1B1B1B491AFF1AFF
1711074369000,4A,8,4B1A4A4A1B501A50
1711074369013,4B,8,1B1B1A491AFF1AFF
1711074369108,3FF,8,41ECFC6500000000
1711074370000,4A,8,4B1A4A4A1B4F1A4F
1711074370010,4B,8,1B1B1A491AFF1AFF
1711074370370,3FF,8,42ECFC6500000000
1711074371000,4A,8,4B1A4A4A1B501A50
1711074371010,4B,8,1B1B1B491AFF1AFF
1711074371632,3FF,8,43ECFC6500000000
1711074371737,4A,8,4B1A4A4A1B501A50
1711074371748,4B,8,1B1B1A491AFF1AFF
1711074372000,4A,8,4B1A4A4A1B501A50
1711074372012,4B,8,1B1B1A491AFF1AFF
1711074372157,3FF,8,44ECFC6500000000
1711074373000,4A,8,4B1A4A4A1B501A50
1711074373010,4B,8,1B1B1A491AFF1AFF
1711074373419,3FF,8,45ECFC6500000000
1711074374000,4A,8,4B1A4A4A1B501A50
1711074374010,4B,8,1B1B1B491AFF1AFF
1711074374681,3FF,8,46ECFC6500000000
1711074374738,4A,8,4B1A4A4A1B501A50
1711074374748,4B,8,1B1B1A491AFE1AFE
1711074375000,4A,8,4B1A4A4A1B501A50
1711074375011,4B,8,1B1B1B491AFF1AFF
1711074375206,3FF,8,47ECFC6500000000
1711074376000,4A,8,4B1A4A4A1B501A50
1711074376010,4B,8,1B1B1A491AFF1AFF
1711074376468,3FF,8,48ECFC6500000000
1711074377000,4A,8,4B1A4A4A1B501A50
1711074377010,4B,8,1B1B1B491AFF1AFF
1711074377730,3FF,8,49ECFC6500000000
1711074377738,4A,8,4B1A4A4A1B501A50
1711074377748,4B,8,1B1B1B491AFF1AFF
1711074378000,4A,8,4B1A4A4A1B501A50
1711074378010,4B,8,1B1B1B491AFF1AFF
1711074378254,3FF,8,4AECFC6500000000
1711074379000,4A,8,4B1A4A4A1B501A50
1711074379011,4B,8,1B1B1B491AFF1AFF
1711074379517,3FF,8,4BECFC6500000000
1711074380000,4A,8,4B1A4A4A1B501A50
1711074380010,4B,8,1B1B1B491AFF1AFF
1711074380738,4A,8,4B1A4A4A1B501A50
1711074380748,4B,8,1B1B1B491AFF1AFF
1711074380784,3FF,8,4CECFC6500000000
1711074381000,4A,8,4B1A4A4A1B501A50
1711074381010,4B,8,1B1B1B491AFF1AFF
1711074381303,3FF,8,4DECFC6500000000
1711074382000,4A,8,4B1A4A4A1B501A50
1711074382010,4B,8,1B1B1B491AFF1AFF
1711074382565,3FF,8,4EECFC6500000000
1711074382737,4A,8,4B1A4A4A1B501A50
1711074383000,4B,8,1B1B1A491AFF1AFF
1711074383727,4A,8,4B1A4A4A1B501A50
1711074383737,4B,8,1B1B1B491AFF1AFF
1711074383817,3FF,8,4FECFC6500000000
1711074384000,4A,8,4B1A4A4A1B501A50
1711074384010,4B,8,1B1B1A491AFF1AFF
1711074384352,3FF,8,50ECFC6500000000
1711074385000,4A,8,4B1A4A4A1B501A50
1711074385010,4B,8,1B1B1B491AFF1AFF
1711074385614,3FF,8,51ECFC6500000000
1711074385738,4A,8,4B1A4A4A1B501A50
1711074385748,4B,8,1B1B1B491AFF1AFF
1711074386000,4A,8,4B1A4A4A1B501A50
1711074386011,4B,8,1B1B1B491AFF1AFF
1711074386139,3FF,8,52ECFC6500000000
1711074387000,4A,8,4B1A4A4A1B501A50
1711074387010,4B,8,1B1B1B491AFF1AFF
1711074387401,3FF,8,53ECFC6500000000
1711074388000,4A,8,4B1A4A4A1B501A50
1711074388010,4B,8,1B1B1A491AFF1AFF
1711074388663,3FF,8,54ECFC6500000000
1711074388738,4A,8,4B1A4A4A1B501A50
1711074388748,4B,8,1B1B1B491AFE1AFE
1711074389000,4A,8,4B1A4A4A1B501A50
1711074389010,4B,8,1B1B1B491AFF1AFF
1711074389187,3FF,8,55ECFC6500000000
1711074390000,4A,8,4B1A4A4A1B501A50
1711074390010,4B,8,1B1B1B491AFF1AFF
1711074390450,3FF,8,56ECFC6500000000
1711074391000,4A,8,4B1A4A4A1B501A50
1711074391010,4B,8,1B1B1B491AFF1AFF
1711074391712,3FF,8,57ECFC6500000000
1711074391738,4A,8,4B1A4A4A1B501A50
1711074391748,4B,8,1B1B1B491AFF1AFF
1711074392000,4A,8,4B1A4A4A1B501A50
1711074392010,4B,8,1B1B1B491AFF1AFF
1711074392236,3FF,8,58ECFC6500000000
1711074393000,4A,8,4B1A4A4A1B501A50
1711074393010,4B,8,1B1B1B491AFF1AFF
1711074393498,3FF,8,59ECFC6500000000
1711074394000,4A,8,4B1A4A4A1B501A50
1711074394010,4B,8,1B1B1B491AFF1AFF
1711074394738,4A,8,4B1A4A4A1B501A50
1711074394748,4B,8,1B1B1B491AFF1AFF
1711074394766,3FF,8,5AECFC6500000000
1711074395000,4A,8,4B1A4A4A1B501A50
1711074395010,4B,8,1B1B1B491AFF1AFF
1711074395285,3FF,8,5BECFC6500000000
1711074396000,4A,8,4B1A4A4A1B501A50
1711074396010,4B,8,1B1B1B491AFF1AFF
1711074396547,3FF,8,5CECFC6500000000
1711074397000,4A,8,4B1A4A4A1B501A50
1711074397014,4B,8,1B1B1B491AFF1AFF
1711074397737,4A,8,4B1A4A4A1B501A50
1711074397747,4B,8,1B1B1B491AFF1AFF
1711074397809,3FF,8,5DECFC6500000000
1711074398000,4A,8,4B1A4A4A1B501A50
1711074398010,4B,8,1B1B1B491AFE1AFE
1711074398334,3FF,8,5EECFC6500000000
1711074399000,4A,8,4B1A4A4A1B501A50
1711074399010,4B,8,1B1B1B491AFF1AFF
1711074399596,3FF,8,5FECFC6500000000
1711074399738,4A,8,4B1A4A4A1B501A50
1711074399751,4B,8,1B1B1B491AFF1AFF
1711074400000,4A,8,4B1A4A4A1B501A50
1711074400011,4B,8,1B1B1A491AFF1AFF
1711074400121,3FF,8,60ECFC6500000000
1711074401000,4A,8,4B1A4A4A1B501A50
1711074401010,4B,8,1B1B1B491AFF1AFF
1711074401383,3FF,8,61ECFC6500000000
1711074402000,4A,8,4B1A4A4A1B501A50
1711074402010,4B,8,1B1B1B491AFF1AFF
1711074402645,3FF,8,62ECFC6500000000
1711074402738,4A,8,4B1A4A4A1B501A50
1711074402749,4B,8,1B1B1B491AFF1AFF
1711074403000,4A,8,4B1A4A4A1B501A50
1711074403010,4B,8,1B1B1B491AFF1AFF
1711074403169,3FF,8,63ECFC6500000000
1711074404000,4A,8,4B1A4A4A1B501A50
1711074404011,4B,8,1B1B1B491AFF1AFF
1711074404432,3FF,8,64ECFC6500000000
1711074405000,4A,8,4B1A4A4A1B501A50
1711074405010,4B,8,1B1B1B491AFF1AFF
1711074405694,3FF,8,65ECFC6500000000
1711074405738,4A,8,4B1A4A4A1B501A50
1711074405750,4B,8,1B1B1B491AFF1AFF
1711074406000,4A,8,4B1A4A4A1B501A50
1711074406010,4B,8,1B1B1B491AFF1AFF
1711074406218,3FF,8,66ECFC6500000000
1711074407000,4A,8,4B1A4A4A1B501A50
1711074407010,4B,8,1B1B1B491AFF1AFF
1711074407480,3FF,8,67ECFC6500000000
1711074408000,4A,8,4B1A4A4A1B501A50
1711074408011,4B,8,1B1B1A491AFF1AFF
1711074408738,4A,8,4B1A4A4A1B501A50
1711074408748,3FF,8,68ECFC6500000000
1711074408749,4B,8,1B1B1B491AFF1AFF
1711074409000,4A,8,4B1A4A4A1B501A50
1711074409010,4B,8,1B1B1B491AFF1AFF
1711074409267,3FF,8,69ECFC6500000000
1711074410000,4A,8,4B1A4A4A1B501A50
1711074410010,4B,8,1B1B1B491AFF1AFF
1711074410529,3FF,8,6AECFC6500000000
1711074411000,4A,8,4B1A4A4A1B501A50
1711074411010,4B,8,1B1B1B491AFF1AFF
1711074411737,4A,8,4B1A4A4A1B501A50
1711074411748,4B,8,1B1B1A491AFF1AFF
1711074411796,3FF,8,6BECFC6500000000
1711074412000,4A,8,4B1A4A4A1B501A50
1711074412010,4B,8,1B1B1B491AFF1AFF
1711074412316,3FF,8,6CECFC6500000000
1711074413000,4A,8,4B1A4A4A1B501A50
1711074413010,4B,8,1B1B1B491AFF1AFF
1711074413578,3FF,8,6DECFC6500000000
1711074413738,4A,8,4B1A4A4A1B501A50
1711074413748,4B,8,1B1B1B491AFF1AFF
1711074414000,4A,8,4B1A4A4A1B501A50
1711074414010,4B,8,1B1B1B491AFF1AFF
1711074414102,3FF,8,6EECFC6500000000
1711074415000,4A,8,4B1A4A4A1B501A50
1711074415010,4B,8,1B1B1B491AFF1AFF
1711074415365,3FF,8,6FECFC6500000000
1711074416000,4A,8,4B1A4A4A1B501A50
1711074416010,4B,8,1B1B1B491AFF1AFF
1711074416627,3FF,8,70ECFC6500000000
1711074416738,4A,8,4B1A4A4A1B501A50
1711074416748,4B,8,1B1B1B491AFF1AFF
1711074417000,4A,8,4B1A4A4A1B501A50
1711074417010,4B,8,1B1B1B491AFF1AFF
1711074417151,3FF,8,71ECFC6500000000
1711074418000,4A,8,4B1A4A4A1B501A50
1711074418010,4B,8,1B1B1B491AFF1AFF
1711074418413,3FF,8,72ECFC6500000000
1711074419000,4A,8,4B1A4A4A1B501A50
1711074419010,4B,8,1B1B1B491AFF1AFF
1711074419676,3FF,8,73ECFC6500000000
1711074419738,4A,8,4B1A4A4A1B501A50
1711074419748,4B,8,1B1B1B491AFF1AFF
1711074420000,4A,8,4B1A4A4A1B501A50
1711074420010,4B,8,1B1B1A491AFF1AFF
1711074420200,3FF,8,74ECFC6500000000
1711074421000,4A,8,4B1A4A4A1B501A50
1711074421010,4B,8,1B1B1B491AFF1AFF
1711074421462,3FF,8,75ECFC6500000000
1711074422000,4A,8,4B1A4A4A1B501A50
1711074422011,4B,8,1B1B1B491AFF1AFF
1711074422725,3FF,8,76ECFC6500000000
1711074422738,4A,8,4B1A4A4B1B501A50
1711074422748,4B,8,1B1B1B491AFF1AFF
1711074423000,4A,8,4B1A4A4A1B501A50
1711074423010,4B,8,1B1B1B491AFF1AFF
1711074423249,3FF,8,77ECFC6500000000
1711074424000,4A,8,4B1A4A4A1B501A50
1711074424010,4B,8,1B1B1B491AFF1AFF
1711074424511,3FF,8,78ECFC6500000000
1711074425000,4A,8,4B1A4A4A1B501A50
1711074425010,4B,8,1B1B1B491AFF1AFF
1711074425737,4A,8,4B1A4A4A1B501A50
1711074425748,4B,8,1B1B1B491AFF1AFF
1711074425778,3FF,8,79ECFC6500000000
1711074426000,4A,8,4B1A4A4A1B501A50
1711074426010,4B,8,1B1B1B491AFF1AFF
1711074426298,3FF,8,7AECFC6500000000
1711074427000,4A,8,4B1A4A4A1B501A50
1711074427015,4B,8,1B1B1B491AFF1AFF
1711074427560,3FF,8,7BECFC6500000000
1711074427738,4A,8,4B1A4A4B1B501A50
1711074428000,4B,8,1B1B1B491AFF1AFF
1711074428728,4A,8,4B1A4A4A1B501A50
1711074428738,4B,8,1B1B1B491AFE1AFE
1711074428812,3FF,8,7CECFC6500000000
1711074429000,4A,8,4B1A4A4A1B501A50
1711074429011,4B,8,1B1B1B491AFF1AFF
1711074429347,3FF,8,7DECFC6500000000
1711074430000,4A,8,4B1A4A4B1B501A50
1711074430014,4B,8,1B1B1B491AFF1AFF
1711074430609,3FF,8,7EECFC6500000000
1711074430738,4A,8,4B1A4A4A1B501A50
1711074430748,4B,8,1B1B1B491AFF1AFF
1711074431000,4A,8,4B1A4A4A1B501A50
1711074431010,4B,8,1B1B1B491AFF1AFF
1711074431133,3FF,8,7FECFC6500000000
1711074432000,4A,8,4B1A4A4A1B501A50
1711074432010,4B,8,1B1B1B491AFF1AFF
1711074432395,3FF,8,80ECFC6500000000
1711074433000,4A,8,4B1A4A4A1B501A50
1711074433013,4B,8,1B1B1B491AFE1AFE
1711074433658,3FF,8,81ECFC6500000000
1711074433738,4A,8,4B1A4A4A1B501A50
1711074433748,4B,8,1B1B1B491AFF1AFF
1711074434000,4A,8,4B1A4A4A1B501A50
1711074434010,4B,8,1B1B1B491AFF1AFF
1711074434182,3FF,8,82ECFC6500000000
1711074435000,4A,8,4B1A4A4A1B501A50
1711074435010,4B,8,1B1B1B491AFF1AFF
1711074435444,3FF,8,83ECFC6500000000
1711074436000,4A,8,4B1A4A4A1B501A50
1711074436014,4B,8,1B1B1B491AFE1AFE
1711074436706,3FF,8,84ECFC6500000000
1711074436737,4A,8,4B1A4A4A1B501A50
1711074436748,4B,8,1B1B1B491AFF1AFF
1711074437000,4A,8,4B1A4A4B1B501A50
1711074437010,4B,8,1B1B1B491AFF1AFF
1711074437231,3FF,8,85ECFC6500000000
1711074438000,4A,8,4B1A4A4A1B501A50
1711074438010,4B,8,1B1B1B491AFF1AFF
1711074438493,3FF,8,86ECFC6500000000
1711074439000,4A,8,4B1A4A4B1B501A50
1711074439011,4B,8,1B1B1B491AFE1AFE
1711074439738,4A,8,4B1A4A4A1B501A50
1711074439748,4B,8,1B1B1B491AFF1AFF
1711074439760,3FF,8,87ECFC6500000000
1711074440000,4A,8,4B1A4A4B1B501A50
1711074440010,4B,8,1B1B1B491AFF1AFF
1711074440280,3FF,8,88ECFC6500000000
1711074441000,4A,8,4B1A4A4B1B501A50
1711074441010,4B,8,1B1B1B491AFF1AFF
1711074441542,3FF,8,89ECFC6500000000
1711074442000,4A,8,4B1A4A4A1B501A50
1711074442010,4B,8,1B1B1B491AFF1AFF
1711074442738,4A,8,4B1A4A4B1B501A50
1711074442748,4B,8,1B1B1B491AFF1AFF
1711074442804,3FF,8,8AECFC6500000000
1711074443000,4A,8,4B1A4A4A1B501A50
1711074443010,4B,8,1B1B1B491AFF1AFF
1711074443328,3FF,8,8BECFC6500000000
1711074444000,4A,8,4B1A4A4B1B501A50
1711074444010,4B,8,1B1B1B491AFF1AFF
1711074444591,3FF,8,8CECFC6500000000
1711074444738,4A,8,4B1A4A4A1B501A50
1711074444748,4B,8,1B1B1B491AFF1AFF
1711074445000,4A,8,4B1A4A4A1B501A50
1711074445010,4B,8,1B1B1B491AFF1AFF
1711074445115,3FF,8,8DECFC6500000000
1711074446000,4A,8,4B1A4A4A1B501A50
1711074446010,4B,8,1B1B1B491AFE1AFE
1711074446377,3FF,8,8EECFC6500000000
1711074447000,4A,8,4B1A4A4B1B501A50
1711074447010,4B,8,1B1B1B491AFF1AFF
1711074447639,3FF,8,8FECFC6500000000
1711074447737,4A,8,4B1A4A4A1B501A50
1711074447747,4B,8,1B1B1B491AFF1AFF
1711074448000,4A,8,4B1A4A4A1B501A50
1711074448010,4B,8,1B1B1B491AFF1AFF
1711074448164,3FF,8,90ECFC6500000000
1711074449000,4A,8,4B1A4A4A1B501A50
1711074449010,4B,8,1B1B1B491AFF1AFF
1711074449426,3FF,8,91ECFC6500000000
1711074450000,4A,8,4B1A4A4A1B501A50
1711074450010,4B,8,1B1B1B491AFF1AFF
1711074450688,3FF,8,92ECFC6500000000
1711074450737,4A,8,4B1A4A4A1B501A50
1711074450748,4B,8,1B1B1B491AFF1AFF
1711074451000,4A,8,4B1A4A4A1B501A50
1711074451010,4B,8,1B1B1B491AFF1AFF
1711074451213,3FF,8,93ECFC6500000000
1711074452000,4A,8,4B1A4A4B1B501A50
1711074452010,4B,8,1B1B1B491AFF1AFF
1711074452475,3FF,8,94ECFC6500000000
1711074453000,4A,8,4B1A4A4B1B501A50
1711074453010,4B,8,1B1B1B491AFF1AFF
1711074453737,3FF,8,95ECFC6500000000
1711074453738,4A,8,4B1A4A4A1B501A50
1711074453748,4B,8,1B1B1B491AFF1AFF
1711074454000,4A,8,4B1A4A4B1B501A50
1711074454011,4B,8,1B1B1B491AFF1AFF
1711074454262,3FF,8,96ECFC6500000000
1711074455000,4A,8,4B1A4A4A1B501A50
1711074455010,4B,8,1B1B1B491AFF1AFF
